user_id,name,phone_number,email,password
0,James Butt,504-621-8927,jbutt@gmail.com,albany
1,Josephine Darakjy,810-292-9388,josephine_darakjy@darakjy.org,zzzzzzzz
2,Art Venere,856-636-8749,art@venere.org,newpass
3,Lenna Paprocki,907-385-4412,lpaprocki@hotmail.com,1200
4,Donette Foller,513-570-1893,donette.foller@cox.net,davids
5,Simona Morasca,419-503-2484,,starbuck
6,Mitsue Tollner,773-573-6914,mitsue_tollner@yahoo.com,newyork1
7,Leota Dilliard,408-752-3500,leota@hotmail.com,morrowind
8,Sage Wieser,605-414-2147,sage_wieser@cox.net,11111991
9,Kris Marrier,410-655-8723,kris@gmail.com,berlin
10,Minna Amigon,215-874-1229,minna_amigon@yahoo.com,simsim
11,Abel Maclead,631-335-3414,amaclead@gmail.com,5150
12,Kiley Caldarera,310-498-5651,kiley.caldarera@aol.com,123890
13,Graciela Ruta,440-780-8425,gruta@cox.net,2010
14,Cammy Albares,956-537-6195,,svoboda
15,Mattie Poquette,602-277-4385,mattie@aol.com,jamie
16,Meaghan Garufi,931-313-9635,meaghan@hotmail.com,123asd
17,Gladys Rim,414-661-9598,gladys.rim@rim.org,iforgot
18,Yuki Whobrey,,yuki_whobrey@aol.com,sinatra
19,Fletcher Flosi,,fletcher.flosi@yahoo.com,mishka
20,Bette Nicka,610-545-3615,bette_nicka@cox.net,giuseppe
21,Veronika Inouye,408-540-1785,vinouye@aol.com,highland
22,Willard Kolmetz,972-303-9197,willard@hotmail.com,frank
23,Maryann Royster,518-966-7987,mroyster@royster.com,1qaz1qaz
24,Alisha Slusarski,732-658-3154,alisha@slusarski.com,03031993
25,Allene Iturbide,715-662-6764,allene_iturbide@cox.net,222333
26,Chanel Caudy,913-388-2079,chanel.caudy@caudy.org,laser
27,Ezekiel Chui,410-669-1642,ezekiel@chui.com,creampie
28,Willow Kusko,212-582-4976,wkusko@yahoo.com,moreno
29,Bernardo Figeroa,936-336-3951,bfigeroa@aol.com,fuckhead
30,Ammie Corrio,614-801-9788,ammie@corrio.com,victoria
31,Francine Vocelka,505-977-3911,francine_vocelka@vocelka.com,justin1
32,Ernie Stenseth,,ernie_stenseth@aol.com,idunno
33,Albina Glick,732-924-7882,albina@glick.com,313131
34,Alishia Sergi,212-860-1579,asergi@gmail.com,deville
35,Solange Shinko,504-979-9175,solange@shinko.com,harmony
36,Jose Stockham,212-675-8570,jose@yahoo.com,Buster
37,Rozella Ostrosky,805-832-6163,rozella.ostrosky@ostrosky.com,mammoth
38,Valentine Gillian,210-812-9597,valentine_gillian@gmail.com,bounce
39,Kati Rulapaugh,785-463-7829,,triple
40,Youlanda Schemmer,541-548-8197,youlanda@aol.com,vikings
41,Dyan Oldroyd,913-413-4604,doldroyd@aol.com,grumpy
42,Roxane Campain,907-231-4722,roxane@hotmail.com,bagira
43,Lavera Perin,305-606-7291,lperin@perin.org,love1
44,Erick Ferencz,907-741-1044,erick.ferencz@aol.com,warrior
45,Fatima Saylors,952-768-2416,fsaylors@saylors.org,daemon
46,Jina Briddick,617-399-5124,,manfred
47,Kanisha Waycott,323-453-2780,kanisha_waycott@yahoo.com,22051991
48,Emerson Bowley,608-336-7444,emerson.bowley@bowley.org,kenworth
49,Blair Malet,215-907-9111,,pass
50,Brock Bolognia,212-402-9216,,12011985
51,Lorrie Nestle,931-875-6644,,cedric
52,Sabra Uyetake,803-925-5213,sabra@uyetake.org,lindsay
53,Marjory Mastella,610-814-5533,mmastella@mastella.com,13041988
54,Karl Klonowski,,karl_klonowski@yahoo.com,carl
55,Tonette Wenner,516-968-6051,twenner@aol.com,20021985
56,Amber Monarrez,215-934-8655,amber_monarrez@monarrez.org,murzik
57,Shenika Seewald,818-423-4007,shenika@gmail.com,19081986
58,Delmy Ahle,401-458-2547,delmy.ahle@hotmail.com,mandrake
59,Deeanna Juhas,215-211-9589,deeanna_juhas@gmail.com,catherine
60,Blondell Pugh,401-960-8259,bpugh@aol.com,02101976
61,Jamal Vanausdal,732-234-1546,jamal@vanausdal.org,stratus
62,Cecily Hollack,512-486-3817,cecily@hollack.org,turbo1
63,Carmelina Lindall,303-724-7371,carmelina_lindall@lindall.com,park
64,Maurine Yglesias,414-748-1374,maurine_yglesias@yglesias.com,336699
65,Tawna Buvens,,tawna@gmail.com,clifton
66,Penney Weight,,penney_weight@aol.com,goblue
67,Elly Morocco,814-393-5571,elly_morocco@gmail.com,french
68,Ilene Eroman,410-914-9018,ilene.eroman@hotmail.com,7777777777
69,Vallie Mondella,208-862-5339,vmondella@mondella.com,111213
70,Kallie Blackwood,415-315-2761,kallie.blackwood@gmail.com,jackie
71,Johnetta Abdallah,919-225-9345,johnetta_abdallah@aol.com,cooldude
72,Bobbye Rhym,650-528-5783,brhym@rhym.com,navyseal
73,Micaela Rhymes,,micaela_rhymes@gmail.com,xiong
74,Tamar Hoogland,740-343-8575,tamar@hotmail.com,bookworm
75,Moon Parlato,585-866-8313,moon@yahoo.com,feng
76,Laurel Reitler,410-520-4832,,10121987
77,Delisa Crupi,,delisa.crupi@crupi.com,popeye
78,Viva Toelkes,,viva.toelkes@gmail.com,gideon
79,Elza Lipke,973-927-3447,elza@yahoo.com,knight
80,Devorah Chickering,505-975-8559,devorah@hotmail.com,chillin
81,Timothy Mulqueen,718-332-6527,timothy_mulqueen@mulqueen.org,denise
82,Arlette Honeywell,904-775-4480,,ralph
83,Dominque Dickerson,,dominque.dickerson@dickerson.org,scoobydo
84,Lettie Isenhower,,lettie_isenhower@yahoo.com,michael2
85,Myra Munns,817-914-7518,mmunns@cox.net,visual
86,Stephaine Barfield,310-774-7643,stephaine@barfield.com,colombia
87,Lai Gato,,lai.gato@gato.org,rudolf
88,Stephen Emigh,330-537-5358,stephen_emigh@hotmail.com,12041991
89,Tyra Shields,215-255-1641,tshields@gmail.com,depeche
90,Tammara Wardrip,650-803-1936,twardrip@cox.net,technics
91,Cory Gibes,626-572-1096,cory.gibes@gmail.com,mother1
92,Danica Bruschke,254-782-8569,danica_bruschke@gmail.com,chrisbln
93,Wilda Giguere,907-870-5536,wilda@cox.net,success1
94,Elvera Benimadho,408-703-8505,elvera.benimadho@cox.net,chiefs
95,Carma Vanheusen,510-503-7169,carma@cox.net,tiger
96,Malinda Hochard,317-722-5066,malinda.hochard@yahoo.com,16121987
97,Natalie Fern,307-704-8713,,yoyoyo
98,Lisha Centini,703-235-3937,lisha@centini.org,computer
99,Arlene Klusman,504-710-5840,arlene_klusman@gmail.com,manager
100,Alease Buemi,303-301-4946,alease@buemi.com,hummer
101,Louisa Cronauer,510-828-7047,louisa@cronauer.com,packers1
102,Angella Cetta,808-892-7943,,airplane
103,Cyndy Goldammer,952-334-9408,cgoldammer@cox.net,rhonda
104,Rosio Cork,336-243-5659,rosio.cork@gmail.com,poiuytre
105,Celeste Korando,516-509-2347,ckorando@hotmail.com,milena
106,Twana Felger,,twana.felger@felger.org,1231
107,Estrella Samu,608-976-7199,estrella@aol.com,DRAGON
108,Donte Kines,508-429-8576,dkines@hotmail.com,komodo
109,Tiffiny Steffensmeier,305-385-9695,tiffiny_steffensmeier@cox.net,british
110,Edna Miceli,814-460-2655,emiceli@miceli.org,nevermind
111,Sue Kownacki,972-666-3413,sue@aol.com,penthous
112,Jesusa Shin,931-273-8709,jshin@shin.com,soldier
113,Rolland Francescon,,rolland@cox.net,ninja1
114,Pamella Schmierer,305-420-8970,,18031991
115,Glory Kulzer,410-224-9462,gkulzer@kulzer.org,concrete
116,Shawna Palaspas,805-275-3566,shawna_palaspas@palaspas.org,898989
117,Brandon Callaro,808-215-6832,brandon_callaro@hotmail.com,penelope
118,Scarlet Cartan,229-735-3378,scarlet.cartan@yahoo.com,tiffany1
119,Oretha Menter,617-418-5043,oretha_menter@yahoo.com,meatball
120,Ty Smith,,tsmith@aol.com,show
121,Xuan Rochin,650-933-5072,,HARLEY
122,Lindsey Dilello,909-639-9887,lindsey.dilello@hotmail.com,boston
123,Devora Perez,510-955-3016,devora_perez@perez.org,tucker
124,Herman Demesa,518-497-2940,hdemesa@cox.net,nathan
125,Rory Papasergi,570-867-7489,rpapasergi@cox.net,houses
126,Talia Riopelle,,talia_riopelle@aol.com,44332211
127,Van Shire,908-409-2890,van.shire@shire.com,01011900
128,Lucina Lary,321-749-4981,lucina_lary@cox.net,sex69
129,Bok Isaacs,718-809-3762,bok.isaacs@aol.com,pepper
130,Rolande Spickerman,808-315-3077,rolande.spickerman@spickerman.com,oooo
131,Howard Paulas,303-623-4241,,vectra
132,Kimbery Madarang,973-310-1634,kimbery_madarang@cox.net,duan
133,Thurman Manno,609-524-3586,thurman.manno@yahoo.com,toilet
134,Becky Mirafuentes,908-877-8409,becky.mirafuentes@mirafuentes.com,edward1
135,Beatriz Corrington,508-584-4279,beatriz@yahoo.com,mouse
136,Marti Maybury,,marti.maybury@yahoo.com,citizen
137,Nieves Gotter,503-527-5274,nieves_gotter@gmail.com,viktoria
138,Leatha Hagele,214-339-1809,lhagele@cox.net,salamander
139,Valentin Klimek,312-303-5453,vklimek@klimek.org,traveler
140,Melissa Wiklund,419-939-3613,melissa@cox.net,natural
141,Sheridan Zane,,sheridan.zane@zane.com,spanner
142,Bulah Padilla,254-463-4368,bulah_padilla@hotmail.com,catfish
143,Audra Kohnert,615-406-7854,audra@kohnert.com,robert1
144,Daren Weirather,414-959-2540,dweirather@aol.com,giant
145,Fernanda Jillson,410-387-5260,fjillson@aol.com,1234567891
146,Gearldine Gellinger,972-934-6914,gearldine_gellinger@gellinger.com,test123
147,Chau Kitzman,310-560-8022,chau@gmail.com,fischer
148,Theola Frey,516-948-5768,theola_frey@frey.com,mylife
149,Cheryl Haroldson,609-518-7697,cheryl@haroldson.org,window
150,Laticia Merced,513-508-7371,lmerced@gmail.com,tarakan
151,Carissa Batman,541-326-4074,carissa.batman@yahoo.com,kerry
152,Lezlie Craghead,919-533-3762,lezlie.craghead@craghead.org,baron
153,Ozell Shealy,,oshealy@hotmail.com,aloha
154,Arminda Parvis,,arminda@parvis.com,sparkle
155,Reita Leto,317-234-1135,reita.leto@gmail.com,steelers
156,Yolando Luczki,315-304-4759,yolando@cox.net,jones
157,Lizette Stem,856-487-5412,lizette.stem@aol.com,plasma
158,Gregoria Pawlowicz,516-212-1915,gpawlowicz@yahoo.com,cheeks
159,Carin Deleo,501-308-1040,cdeleo@deleo.com,rush2112
160,Chantell Maynerich,651-591-2583,chantell@yahoo.com,adrian
161,Dierdre Yum,215-325-3042,dyum@yahoo.com,07051987
162,Larae Gudroe,985-890-7262,larae_gudroe@gmail.com,1234568
163,Latrice Tolfree,631-957-7624,latrice.tolfree@hotmail.com,adgjmp
164,Kerry Theodorov,916-591-3277,kerry.theodorov@gmail.com,23011990
165,Dorthy Hidvegi,208-649-2373,dhidvegi@yahoo.com,bike
166,Fannie Lungren,512-587-5746,fannie.lungren@yahoo.com,father
167,Evangelina Radde,215-964-3284,evangelina@aol.com,claudi
168,Novella Degroot,808-477-4775,novella_degroot@degroot.org,thuglife
169,Clay Hoa,775-501-8109,choa@hoa.org,rootbeer
170,Jennifer Fallick,847-979-9545,jfallick@yahoo.com,vfvjxrf
171,Irma Wolfgramm,973-545-7355,irma.wolfgramm@hotmail.com,licker
172,Eun Coody,864-256-3620,eun@yahoo.com,jakejake
173,Sylvia Cousey,410-209-9545,sylvia_cousey@cousey.org,prissy
174,Nana Wrinkles,914-855-2115,nana@aol.com,cindy
175,Layla Springe,212-260-3151,layla.springe@cox.net,thekid
176,Joesph Degonia,510-677-9785,joesph_degonia@degonia.org,simpson
177,Annabelle Boord,978-697-6263,annabelle.boord@cox.net,01011986
178,Stephaine Vinning,415-767-6596,stephaine@cox.net,1a2s3d4f
179,Nelida Sawchuk,201-971-1638,nelida@gmail.com,29051990
180,Marguerita Hiatt,925-634-7158,marguerita.hiatt@gmail.com,skylark
181,Carmela Cookey,773-494-4195,,assfuck
182,Junita Brideau,973-943-3423,jbrideau@aol.com,australia
183,Claribel Varriano,419-544-4900,claribel_varriano@cox.net,aladin
184,Benton Skursky,310-579-2907,,waterloo
185,Hillary Skulski,352-242-2570,hillary.skulski@aol.com,xxxxxxx
186,Merilyn Bayless,408-758-5015,merilyn_bayless@cox.net,chad
187,Teri Ennaco,570-889-5187,tennaco@gmail.com,green123
188,Merlyn Lawler,201-588-7810,merlyn_lawler@hotmail.com,shoes
189,Georgene Montezuma,925-615-5185,gmontezuma@cox.net,goodboy
190,Jettie Mconnell,,jmconnell@hotmail.com,patriot
191,Lemuel Latzke,631-748-6479,lemuel.latzke@gmail.com,sentinel
192,Melodie Knipp,805-690-1682,mknipp@gmail.com,poetry
193,Candida Corbley,908-275-8357,candida_corbley@hotmail.com,orchard
194,Karan Karpin,503-940-8327,karan_karpin@gmail.com,11221122
195,Andra Scheyer,503-516-2189,andra@gmail.com,0123456789
196,Felicidad Poullion,856-305-9731,fpoullion@poullion.com,brewster
197,Belen Strassner,770-507-8791,belen_strassner@aol.com,chimera
198,Gracia Melnyk,904-235-3633,gracia@melnyk.com,31121985
199,Jolanda Hanafan,207-458-9196,jhanafan@gmail.com,woofwoof
200,Barrett Toyama,817-765-5781,barrett.toyama@toyama.org,1q2w3e4r5t
201,Helga Fredicks,716-752-4114,,wildone
202,Ashlyn Pinilla,305-670-9628,apinilla@cox.net,pervert
203,Fausto Agramonte,212-313-1783,fausto_agramonte@yahoo.com,freddie
204,Ronny Caiafa,215-605-7570,ronny.caiafa@caiafa.org,comedy
205,Marge Limmel,850-430-1663,marge@gmail.com,bradley
206,Norah Waymire,415-306-7897,norah.waymire@gmail.com,16051987
207,Aliza Baltimore,408-504-3552,aliza@aol.com,yankees1
208,Mozell Pelkowski,650-947-1215,mpelkowski@pelkowski.org,filter
209,Viola Bitsuie,818-864-4875,,25091990
210,Franklyn Emard,215-558-8189,femard@emard.com,newman
211,Willodean Konopacki,337-253-8384,willodean_konopacki@konopacki.org,django
212,Beckie Silvestrini,,beckie.silvestrini@silvestrini.com,speedo
213,Rebecka Gesick,512-213-8574,rgesick@gesick.org,andyod22
214,Frederica Blunk,214-428-2285,frederica_blunk@gmail.com,emmett
215,Glen Bartolet,206-697-5796,glen_bartolet@hotmail.com,hotshot
216,Freeman Gochal,610-476-3501,freeman_gochal@aol.com,sterlin
217,Vincent Meinerding,215-372-1718,vincent.meinerding@hotmail.com,01011980
218,Rima Bevelacqua,310-858-5079,rima@cox.net,stigmata
219,Glendora Sarbacher,707-653-8214,gsarbacher@gmail.com,audio
220,Avery Steier,407-808-9439,,marshall
221,Cristy Lother,760-971-4322,,lolol
222,Nicolette Brossart,508-837-9230,nicolette_brossart@brossart.com,Matthew
223,Tracey Modzelewski,936-264-9294,tracey@hotmail.com,01051990
224,Virgina Tegarden,414-214-8697,virgina_tegarden@tegarden.com,tottenham
225,Tiera Frankel,626-636-4117,tfrankel@aol.com,scottie
226,Alaine Bergesen,914-300-9193,alaine_bergesen@cox.net,junk
227,Earleen Mai,214-289-1973,earleen_mai@cox.net,27041990
228,Leonida Gobern,,leonida@gobern.org,farmboy
229,Ressie Auffrey,305-604-8981,ressie.auffrey@yahoo.com,daniel
230,Justine Mugnolo,212-304-9225,jmugnolo@yahoo.com,raymond
231,Eladia Saulter,201-474-4924,eladia@saulter.com,bigones
232,Chaya Malvin,734-928-5182,chaya@malvin.com,02091986
233,Gwenn Suffield,631-258-6558,gwenn_suffield@suffield.org,01041990
234,Salena Karpel,330-791-8557,skarpel@cox.net,nomore
235,Yoko Fishburne,203-506-4706,yoko@fishburne.com,21081985
236,Taryn Moyd,703-322-4041,,25081988
237,Katina Polidori,978-626-2978,,steven
238,Rickie Plumer,419-693-1334,rickie.plumer@aol.com,optimist
239,Alex Loader,253-660-7821,alex@loader.com,02011989
240,Lashon Vizarro,916-741-7884,lashon@aol.com,24680
241,Lauran Burnard,307-342-7795,,badger
242,Ceola Setter,,ceola.setter@setter.org,packard
243,My Rantanen,215-491-5633,my@hotmail.com,another
244,Lorrine Worlds,813-769-2939,,moore
245,Peggie Sturiale,619-608-1763,,desmond
246,Marvel Raymo,979-718-8968,mraymo@yahoo.com,dieter
247,Daron Dinos,847-233-3075,daron_dinos@cox.net,meliss
248,An Fritz,,an_fritz@hotmail.com,potato
249,Portia Stimmel,908-722-7128,portia.stimmel@aol.com,qwer123
250,Rhea Aredondo,718-560-9537,rhea_aredondo@cox.net,tokiohotel
251,Benedict Sama,314-787-1588,bsama@cox.net,bandit
252,Alyce Arias,209-317-1801,alyce@arias.org,costello
253,Heike Berganza,973-936-5095,heike@gmail.com,02041974
254,Carey Dopico,317-578-2453,carey_dopico@dopico.org,cnfybckfd
255,Dottie Hellickson,206-540-6076,dottie@hellickson.org,cats
256,Deandrea Hughey,336-822-7652,deandrea@yahoo.com,emmanuel
257,Kimberlie Duenas,785-629-8542,,winger
258,Martina Staback,407-471-6908,martina_staback@staback.com,cartoon
259,Skye Fillingim,612-508-2655,skye_fillingim@yahoo.com,callie
260,Jade Farrar,803-352-5387,jade.farrar@yahoo.com,highheel
261,Charlene Hamilton,,charlene.hamilton@hotmail.com,women
262,Geoffrey Acey,847-222-1734,geoffrey@gmail.com,paper
263,Stevie Westerbeck,,stevie.westerbeck@yahoo.com,14071988
264,Pamella Fortino,303-404-2210,pamella@fortino.com,7734
265,Harrison Haufler,203-801-6193,hhaufler@hotmail.com,mallard
266,Johnna Engelberg,425-986-7573,jengelberg@engelberg.org,jabber
267,Buddy Cloney,440-989-5826,buddy.cloney@yahoo.com,cobra1
268,Dalene Riden,603-315-6839,dalene.riden@aol.com,chucky
269,Jerry Zurcher,321-518-5938,jzurcher@zurcher.org,barry1
270,Haydee Denooyer,212-792-8658,hdenooyer@denooyer.org,ironmaiden
271,Joseph Cryer,714-584-2237,joseph_cryer@cox.net,24061986
272,Deonna Kippley,248-913-4677,deonna_kippley@hotmail.com,gundam
273,Raymon Calvaresi,317-825-4724,raymon.calvaresi@gmail.com,samtron
274,Alecia Bubash,940-276-7922,alecia@aol.com,maksimka
275,Ma Layous,203-721-3388,mlayous@hotmail.com,herbie
276,Detra Coyier,410-739-9277,detra@aol.com,12041988
277,Terrilyn Rodeigues,,terrilyn.rodeigues@cox.net,hunting
278,Salome Lacovara,804-550-5097,slacovara@gmail.com,oyster
279,Garry Keetch,215-979-8776,garry_keetch@hotmail.com,wings
280,Matthew Neither,952-651-7597,mneither@yahoo.com,trinity
281,Theodora Restrepo,305-936-8226,theodora.restrepo@restrepo.com,gocubs
282,Noah Kalafatis,414-263-5287,noah.kalafatis@aol.com,foxylady
283,Carmen Sweigard,732-941-2621,,111112
284,Lavonda Hengel,701-898-2154,lavonda@cox.net,boulder
285,Junita Stoltzman,775-638-9963,junita@aol.com,26101986
286,Herminia Nicolozakes,602-954-5141,herminia@nicolozakes.org,caca
287,Casie Good,615-390-2251,casie.good@aol.com,monalisa
288,Reena Maisto,,reena@hotmail.com,sadie
289,Mirta Mallett,212-870-1286,mirta_mallett@gmail.com,esther
290,Cathrine Pontoriero,806-703-1435,cathrine.pontoriero@pontoriero.com,starman
291,Filiberto Tawil,323-765-2528,ftawil@hotmail.com,solution
292,Raul Upthegrove,619-509-5282,rupthegrove@yahoo.com,freeze
293,Sarah Candlish,770-732-1194,sarah.candlish@gmail.com,qwertz
294,Lucy Treston,508-769-5250,lucy@cox.net,caramel
295,Judy Aquas,269-756-7222,jaquas@aquas.com,12051988
296,Yvonne Tjepkema,,yvonne.tjepkema@hotmail.com,holmes
297,Kayleigh Lace,,kayleigh.lace@yahoo.com,02031977
298,Felix Hirpara,717-491-5643,felix_hirpara@cox.net,06041988
299,Tresa Sweely,314-359-9566,tresa_sweely@hotmail.com,choochoo
300,Kristeen Turinetti,817-213-8851,kristeen@gmail.com,zodiac
301,Jenelle Regusters,,jregusters@regusters.com,amber
302,Renea Monterrubio,770-679-4752,renea@hotmail.com,corleone
303,Olive Matuszak,760-938-6069,olive@aol.com,thomas1
304,Ligia Reiber,517-906-1108,lreiber@cox.net,pokemon1
305,Christiane Eschberger,602-390-4944,christiane.eschberger@yahoo.com,sixty
306,Goldie Schirpke,207-295-7569,goldie.schirpke@yahoo.com,logan
307,Loreta Timenez,301-696-6420,loreta.timenez@hotmail.com,mohammad
308,Fabiola Hauenstein,717-809-3119,fabiola.hauenstein@hauenstein.org,duster
309,Amie Perigo,,amie.perigo@yahoo.com,porno
310,Raina Brachle,406-318-1515,raina.brachle@brachle.org,darkangel
311,Erinn Canlas,973-767-3008,,redfish
312,Cherry Lietz,248-980-6904,cherry@lietz.com,hfytnrb
313,Kattie Vonasek,216-923-3715,kattie@vonasek.org,lang
314,Lilli Scriven,325-631-1560,lilli@aol.com,design
315,Whitley Tomasulo,817-526-4408,whitley.tomasulo@aol.com,pecker
316,Barbra Adkin,,badkin@hotmail.com,Exigen
317,Hermila Thyberg,401-893-4882,hermila_thyberg@hotmail.com,butter
318,Jesusita Flister,717-885-9118,jesusita.flister@hotmail.com,abc123
319,Caitlin Julia,401-948-4982,caitlin.julia@julia.org,pooter
320,Roosevelt Hoffis,305-622-4739,roosevelt.hoffis@aol.com,collins
321,Helaine Halter,201-832-4168,hhalter@yahoo.com,09041985
322,Lorean Martabano,210-856-4979,lorean.martabano@hotmail.com,lovelove
323,France Buzick,718-478-8504,,1101
324,Justine Ferrario,909-993-3242,jferrario@hotmail.com,258456
325,Adelina Nabours,216-230-4892,adelina_nabours@gmail.com,collin
326,Derick Dhamer,212-304-4515,ddhamer@cox.net,ministry
327,Jerry Dallen,804-762-9576,jerry.dallen@yahoo.com,shower
328,Leota Ragel,706-221-4243,leota.ragel@gmail.com,antonia
329,Jutta Amyot,337-515-1438,jamyot@hotmail.com,mmmmmmmm
330,Aja Gehrett,973-544-2677,,marseille
331,Kirk Herritt,607-407-3716,,656565
332,Leonora Mauson,973-412-2995,leonora@yahoo.com,bernard
333,Winfred Brucato,208-252-4552,winfred_brucato@hotmail.com,26121989
334,Tarra Nachor,415-411-1775,tarra.nachor@cox.net,criminal
335,Corinne Loder,508-942-4186,corinne@loder.org,12341234
336,Dulce Labreche,248-357-8718,dulce_labreche@yahoo.com,22081983
337,Kate Keneipp,920-353-6377,kate_keneipp@yahoo.com,cumslut
338,Kaitlyn Ogg,410-665-4903,kaitlyn.ogg@gmail.com,rambo
339,Sherita Saras,719-669-1664,sherita.saras@cox.net,luckydog
340,Lashawnda Stuer,419-588-8719,lstuer@cox.net,storage
341,Ernest Syrop,,ernest@cox.net,catdog
342,Nobuko Halsey,508-855-9887,nobuko.halsey@yahoo.com,18081988
343,Lavonna Wolny,703-483-1970,lavonna.wolny@hotmail.com,kelly1
344,Lashaunda Lizama,410-678-2473,llizama@cox.net,printer
345,Mariann Bilden,512-223-4791,mariann.bilden@aol.com,legolas
346,Helene Rodenberger,623-461-8551,helene@aol.com,10011980
347,Roselle Estell,,roselle.estell@hotmail.com,kathy
348,Samira Heintzman,206-311-4137,sheintzman@hotmail.com,shai
349,Margart Meisel,513-617-2362,margart_meisel@yahoo.com,nightwish
350,Kristofer Bennick,812-368-1511,,asdfghjkl
351,Weldon Acuff,847-353-2156,wacuff@gmail.com,chips
352,Shalon Shadrick,,shalon@cox.net,17091987
353,Denise Patak,407-446-4358,denise@patak.org,harvest
354,Louvenia Beech,310-820-2117,,616161
355,Audry Yaw,813-797-4816,audry.yaw@yaw.org,monaco
356,Kristel Ehmann,915-452-1290,kristel.ehmann@aol.com,birddog
357,Vincenza Zepp,619-603-5125,vzepp@gmail.com,francis
358,Elouise Gwalthney,301-841-5012,egwalthney@yahoo.com,scully
359,Venita Maillard,714-523-6653,venita_maillard@gmail.com,556677
360,Kasandra Semidey,314-732-9131,kasandra_semidey@semidey.com,austria
361,Xochitl Discipio,512-233-1831,xdiscipio@gmail.com,eleonora
362,Maile Linahan,,mlinahan@yahoo.com,iwantu
363,Krissy Rauser,631-443-4710,krauser@cox.net,25081986
364,Pete Dubaldi,201-825-2514,pdubaldi@hotmail.com,clemson
365,Linn Paa,901-412-4381,linn_paa@paa.com,lifehack
366,Paris Wide,404-505-4445,paris@hotmail.com,intel
367,Wynell Dorshorst,650-473-1262,wynell_dorshorst@dorshorst.org,abigail
368,Quentin Birkner,,qbirkner@aol.com,mick
369,Regenia Kannady,480-726-1280,regenia.kannady@cox.net,skillet
370,Sheron Louissant,718-976-8610,sheron@aol.com,tolkien
371,Izetta Funnell,,izetta.funnell@hotmail.com,radiohead
372,Rodolfo Butzen,507-210-3510,,alejandro
373,Zona Colla,,zona@hotmail.com,petrov
374,Serina Zagen,260-273-3725,szagen@aol.com,absolut
375,Paz Sahagun,601-927-8287,paz_sahagun@cox.net,nadine
376,Markus Lukasik,586-970-7380,markus@yahoo.com,courtney
377,Jaclyn Bachman,719-853-3600,jaclyn@aol.com,bonbon
378,Cyril Daufeldt,212-745-8484,cyril_daufeldt@daufeldt.com,lewis
379,Gayla Schnitzler,510-686-3407,gschnitzler@gmail.com,1Dragon
380,Erick Nievas,773-704-9903,erick_nievas@aol.com,spanking
381,Jennie Drymon,570-218-4831,jennie@cox.net,westside
382,Mitsue Scipione,530-986-9272,,drummer
383,Ciara Ventura,845-823-8877,cventura@yahoo.com,3ip76k2
384,Galen Cantres,216-600-6111,,1989
385,Truman Feichtner,973-852-2736,tfeichtner@yahoo.com,a12345
386,Gail Kitty,907-435-9166,gail@kitty.com,expert
387,Dalene Schoeneck,215-268-1275,dalene@schoeneck.org,holes
388,Gertude Witten,513-977-7043,gertude.witten@gmail.com,backup
389,Lizbeth Kohl,310-699-1222,lizbeth@yahoo.com,bulldog
390,Glenn Berray,515-370-7348,gberray@gmail.com,vanilla
391,Lashandra Klang,610-809-1818,lashandra@yahoo.com,fuckin
392,Lenna Newville,919-623-2524,lnewville@newville.com,apollo
393,Laurel Pagliuca,509-695-5199,laurel@yahoo.com,bootie
394,Mireya Frerking,914-868-5965,mireya.frerking@hotmail.com,caserta
395,Annelle Tagala,410-757-1035,annelle@yahoo.com,weston
396,Dean Ketelsen,516-847-4418,dean_ketelsen@gmail.com,nomad
397,Levi Munis,508-456-4907,levi.munis@gmail.com,garion
398,Sylvie Ryser,918-644-9555,,28121989
399,Sharee Maile,231-467-9978,,mullet
400,Cordelia Storment,337-566-6001,cordelia_storment@aol.com,dominic
401,Mollie Mcdoniel,419-975-3182,mollie_mcdoniel@yahoo.com,Jessica
402,Brett Mccullan,619-461-9984,brett.mccullan@mccullan.com,pressure
403,Teddy Pedrozo,203-892-3863,,dinner
404,Tasia Andreason,201-920-9002,tasia_andreason@yahoo.com,heynow
405,Hubert Walthall,,hubert@walthall.org,met2002
406,Arthur Farrow,201-238-5688,arthur.farrow@yahoo.com,2001
407,Vilma Berlanga,,vberlanga@berlanga.com,history
408,Billye Miro,,billye_miro@cox.net,bella
409,Glenna Slayton,901-640-9178,glenna_slayton@cox.net,1969
410,Mitzie Hudnall,303-402-1940,mitzie_hudnall@yahoo.com,02101979
411,Bernardine Rodefer,901-901-4726,bernardine_rodefer@yahoo.com,nicola
412,Staci Schmaltz,626-866-2339,staci_schmaltz@aol.com,sandy1
413,Nichelle Meteer,,nichelle_meteer@meteer.com,davinci
414,Janine Rhoden,718-228-5894,jrhoden@yahoo.com,buste
415,Ettie Hoopengardner,509-755-5393,ettie.hoopengardner@hotmail.com,ghjcnbnenrf
416,Eden Jayson,410-890-7866,eden_jayson@yahoo.com,bricks
417,Lynelle Auber,973-860-8610,lynelle_auber@gmail.com,philips
418,Merissa Tomblin,562-579-6900,merissa.tomblin@gmail.com,1104
419,Golda Kaniecki,732-628-9909,golda_kaniecki@yahoo.com,checker
420,Catarina Gleich,973-210-3994,catarina_gleich@hotmail.com,studio
421,Virgie Kiel,303-776-7548,,02061989
422,Jolene Ostolaza,757-682-7116,jolene@yahoo.com,starr
423,Keneth Borgman,602-919-4211,keneth@yahoo.com,raistlin
424,Rikki Nayar,305-968-9487,rikki@nayar.com,seeker
425,Elke Sengbusch,602-896-2993,,premium
426,Hoa Sarao,386-526-7800,,animals
427,Trinidad Mcrae,415-331-9634,trinidad_mcrae@yahoo.com,996633
428,Mari Lueckenbach,858-793-9684,mari_lueckenbach@yahoo.com,star69
429,Selma Husser,201-991-8369,selma.husser@cox.net,1982
430,Antione Onofrio,909-430-7765,aonofrio@onofrio.com,boyz
431,Luisa Jurney,617-365-2134,ljurney@hotmail.com,fatass
432,Clorinda Heimann,760-291-5497,clorinda.heimann@hotmail.com,poptart
433,Dick Wenzinger,310-510-9713,dick@yahoo.com,slave
434,Ahmed Angalich,717-528-8996,,nanook
435,Iluminada Ohms,480-293-2882,iluminada.ohms@yahoo.com,18051989
436,Joanna Leinenbach,561-470-4574,,richie
437,Caprice Suell,615-246-1824,caprice@aol.com,farm
438,Stephane Myricks,859-717-7638,,shell
439,Quentin Swayze,734-561-6170,quentin_swayze@yahoo.com,cutie
440,Annmarie Castros,936-751-7961,,coke
441,Shonda Greenbush,973-482-2430,shonda_greenbush@cox.net,hhhhhhhh
442,Cecil Lapage,201-693-3967,clapage@lapage.com,bigmoney
443,Jeanice Claucherty,305-988-4162,jeanice.claucherty@yahoo.com,hollywood
444,Josphine Villanueva,931-553-9774,josphine_villanueva@villanueva.com,getmoney
445,Daniel Perruzza,714-771-3880,dperruzza@perruzza.com,spartak
446,Cassi Wildfong,,cassi.wildfong@aol.com,7895123
447,Britt Galam,215-888-3304,britt@galam.org,qazxswedc
448,Adell Lipkin,973-654-1561,adell.lipkin@lipkin.com,christmas
449,Jacqueline Rowling,814-865-8113,jacqueline.rowling@yahoo.com,nautica
450,Lonny Weglarz,801-293-9853,lonny_weglarz@gmail.com,17071990
451,Lonna Diestel,910-922-3672,lonna_diestel@gmail.com,barcelona
452,Cristal Samara,213-975-8026,cristal@cox.net,bluefish
453,Kenneth Grenet,517-499-2322,kenneth.grenet@grenet.org,dexter
454,Elli Mclaird,315-818-2638,,20011988
455,Alline Jeanty,574-656-2800,ajeanty@gmail.com,winston1
456,Sharika Eanes,407-312-1691,sharika.eanes@aol.com,10121986
457,Nu Mcnease,973-751-9003,nu@gmail.com,topher
458,Daniela Comnick,609-200-8577,dcomnick@cox.net,froggy
459,Cecilia Colaizzo,608-382-4541,cecilia_colaizzo@colaizzo.com,090909
460,Leslie Threets,914-861-9748,leslie@cox.net,strider
461,Nan Koppinger,336-370-5333,nan@koppinger.com,roscoe
462,Izetta Dewar,410-473-1708,idewar@dewar.com,roadrunn
463,Tegan Arceo,732-730-2692,tegan.arceo@arceo.org,napoli
464,Ruthann Keener,830-258-2769,ruthann@hotmail.com,mcdonald
465,Joni Breland,847-519-5906,,hotred
466,Vi Rentfro,732-605-4781,vrentfro@cox.net,books
467,Colette Kardas,402-896-5943,colette.kardas@yahoo.com,campbell
468,Malcolm Tromblay,703-221-5602,,12081987
469,Ryan Harnos,972-558-1665,ryan@cox.net,samson
470,Jess Chaffins,212-510-4633,jess.chaffins@chaffins.org,yogibear
471,Sharen Bourbon,516-816-1541,sbourbon@yahoo.com,2222222
472,Nickolas Juvera,352-598-8301,nickolas_juvera@cox.net,webber
473,Gary Nunlee,317-542-6023,gary_nunlee@nunlee.org,kaitlyn
474,Diane Devreese,816-557-9673,diane@cox.net,hewitt
475,Roslyn Chavous,601-234-9632,roslyn.chavous@chavous.org,genesis
476,Glory Schieler,,glory@yahoo.com,12081990
477,Rasheeda Sayaphon,408-805-4309,rasheeda@aol.com,123123q
478,Alpha Palaia,856-312-2629,alpha@yahoo.com,12121988
479,Refugia Jacobos,510-974-8671,refugia.jacobos@jacobos.com,theman
480,Shawnda Yori,407-538-5106,shawnda.yori@yahoo.com,raleigh
481,Mona Delasancha,,mdelasancha@hotmail.com,jane
482,Gilma Liukko,,gilma_liukko@gmail.com,home
483,Janey Gabisi,608-967-7194,jgabisi@hotmail.com,blueblue
484,Lili Paskin,,lili.paskin@cox.net,123000
485,Loren Asar,570-648-3035,loren.asar@aol.com,standard
486,Dorothy Chesterfield,858-617-7834,dorothy@cox.net,smeghead
487,Gail Similton,760-616-5388,gail_similton@similton.com,1q2w3e4r5t6y
488,Catalina Tillotson,609-373-3332,catalina@hotmail.com,01051988
489,Lawrence Lorens,401-465-6432,lawrence.lorens@hotmail.com,kisses
490,Carlee Boulter,785-347-1805,carlee.boulter@hotmail.com,159159
491,Thaddeus Ankeny,916-920-3571,tankeny@ankeny.org,rctybz
492,Jovita Oles,386-248-4118,joles@gmail.com,labrador
493,Alesia Hixenbaugh,202-646-7516,alesia_hixenbaugh@hixenbaugh.org,zang
494,Lai Harabedian,415-423-3294,,revenge
495,Brittni Gillaspie,208-709-1235,bgillaspie@gillaspie.com,bailey1
496,Raylene Kampa,,rkampa@kampa.org,tinkerbell
497,Flo Bookamer,308-726-2182,flo.bookamer@cox.net,05051991
498,Jani Biddy,206-711-6498,,swimmer
499,Chauncey Motley,407-413-4842,chauncey_motley@aol.com,yyyyyyyy
500,Francoise Rautenstrauch,519-569-8399,francoise.rautenstrauch@rautenstrauch.com,debbie
501,Kendra Loud,,kloud@gmail.com,killme
502,Lourdes Bauswell,613-903-7043,lourdes_bauswell@aol.com,racerx
503,Hannah Edmison,,hannah@yahoo.com,635241
504,Tom Loeza,514-487-6096,tom.loeza@gmail.com,govols
505,Queenie Kramarczyk,306-421-5793,queenie.kramarczyk@kramarczyk.org,woody
506,Hui Portaro,506-827-7755,hui_portaro@cox.net,16041985
507,Josefa Opitz,519-788-7645,,zyjxrf
508,Lea Steinhaus,905-618-8258,lsteinhaus@cox.net,dada
509,Paola Vielma,,paola_vielma@aol.com,stargate
510,Hortencia Bresser,902-256-6791,hbresser@aol.com,divine
511,Leanna Tijerina,416-719-2114,leanna@cox.net,24101984
512,Danilo Pride,403-212-4945,danilo_pride@hotmail.com,philip
513,Huey Marcille,780-639-3619,huey.marcille@gmail.com,silver1
514,Apolonia Warne,506-978-1488,apolonia@gmail.com,nova
515,Chandra Lagos,416-716-6446,,carson
516,Crissy Pacholec,705-477-2307,crissy@aol.com,angelus
517,Gianna Branin,403-337-7162,,cjkywt
518,Valentin Billa,306-291-5073,vbilla@yahoo.com,noodle
519,Ilona Dudash,819-536-7034,idudash@dudash.com,benjamin
520,Willard Lablanc,780-384-5410,wlablanc@yahoo.com,postman
521,Lauryn Randol,604-236-4625,lauryn@yahoo.com,1066
522,Laurena Begin,519-790-8660,laurena.begin@begin.com,12344321
523,Elise Michelle,905-652-4509,elise@gmail.com,10071985
524,Corrie Kardell,514-203-7817,corrie_kardell@aol.com,musica
525,Kimberely Rabuse,519-912-5533,kimberely.rabuse@cox.net,lamont
526,Tish Violett,450-840-7605,tish.violett@violett.com,starship
527,Hollis Stanfield,,hollis.stanfield@aol.com,clark
528,Andree Christmann,,andree.christmann@cox.net,spooky
529,Lyla Fucillo,902-844-1174,lyla_fucillo@cox.net,spread
530,Felton Yafuso,613-749-1169,felton.yafuso@gmail.com,moneyman
531,Dell Polino,819-255-1725,dell_polino@polino.com,28041987
532,Nohemi Leko,705-838-9265,nohemi@aol.com,grandpa
533,Tambra Lembke,250-353-7479,tlembke@lembke.org,polaris
534,Vicki Maikoksoong,604-231-6180,vicki@gmail.com,fraser
535,Renato Airhart,403-444-2250,renato_airhart@hotmail.com,vfhufhbnf
536,Lenita Darbro,250-749-4517,lenita@yahoo.com,marley
537,Barney Hagen,450-526-5424,barney@yahoo.com,striker
538,Matthew Armacost,705-417-7221,matthew_armacost@gmail.com,chewie
539,Belen Nelton,,bnelton@gmail.com,boubou
540,Iesha Wardle,416-989-2001,iesha@gmail.com,stafford
541,Francesco Sarchet,306-524-4509,francesco@hotmail.com,123456t
542,Paulene Rhule,418-348-2107,paulene_rhule@rhule.org,1z2x3c
543,Carole Hughlett,604-262-8556,carole_hughlett@hughlett.com,options
544,Miss Dunning,306-508-8874,mdunning@gmail.com,11021985
545,Elfrieda Hinsch,250-454-9384,elfrieda_hinsch@hinsch.org,chavez
546,Edelmira Calzado,306-611-7185,edelmira@hotmail.com,01091987
547,Jaime Wasurick,450-531-8633,jaime_wasurick@hotmail.com,nextel
548,Lera Hua,506-556-4300,lhua@aol.com,cerberus
549,Jame Mastro,519-920-7003,jmastro@aol.com,fingers
550,Jillian Hailstone,905-864-2257,jhailstone@yahoo.com,11041990
551,Louis Zarling,418-568-3216,louis@zarling.com,sacred
552,Emmett Mcshaw,705-581-1220,emmett_mcshaw@cox.net,hattrick
553,Tammy Sams,250-226-1002,tammy_sams@sams.com,ooooo
554,Willis Wylie,418-833-1949,willis@yahoo.com,gunther
555,Maxima Brzozowski,905-569-6732,mbrzozowski@aol.com,jackson
556,Boris Latif,418-459-4884,boris.latif@latif.com,miracle
557,Salina Knavel,613-280-7170,,mylove
558,Justa Dini,250-982-9377,justa.dini@hotmail.com,lucky13
559,Amalia Wolfgang,519-219-3608,amalia_wolfgang@wolfgang.org,kolokol
560,Felix Tutterrow,519-426-7161,ftutterrow@tutterrow.org,futbol
561,Eura Mcglocklin,306-979-2571,,0000000
562,Lang Heuring,519-985-7311,lang@cox.net,micron
563,Agustin Lakatos,819-365-5394,agustin.lakatos@hotmail.com,basset
564,Jaime Lowrance,204-438-6204,jaime.lowrance@lowrance.org,5329
565,Carman Gudiel,,carman@gmail.com,dummy
566,Argelia Hofbauer,604-823-2881,argelia.hofbauer@cox.net,123456
567,Mammie Cisney,514-205-4258,mammie@cox.net,discover
568,Rashad Menino,613-697-2555,rashad.menino@menino.com,141627
569,Janna Bastain,604-575-7837,janna@bastain.com,pictures
570,Callie Neikirk,905-465-6909,callie.neikirk@neikirk.org,26041991
571,Coral Helmcamp,416-589-6075,coral.helmcamp@helmcamp.org,reds
572,Xenia Mushero,,xenia@aol.com,aspirine
573,Adelle Nitcher,905-998-3758,anitcher@aol.com,26061985
574,Hildegarde Wehrwein,604-960-7463,hwehrwein@gmail.com,adam
575,Phuong Sugai,,psugai@gmail.com,virgil
576,Leontine Lafoy,,llafoy@aol.com,shane
577,Darell Mcalarney,,darell_mcalarney@mcalarney.com,reddwarf
578,Madonna Landman,250-307-7698,madonna.landman@landman.com,yankee
579,Chuck Berggren,709-534-6576,chuck@gmail.com,eddie
580,Gregg Epperheimer,514-302-4158,gepperheimer@aol.com,letsdoit
581,Yan Bubrig,506-493-4894,yan@cox.net,demon
582,Stephanie Garlett,613-557-7338,stephanie.garlett@gmail.com,market
583,Alberto Stenquist,905-435-9456,alberto_stenquist@stenquist.org,kostya
584,Wayne Shivers,,wayne@aol.com,zachary1
585,Kristal Bothe,709-976-5766,kristal@hotmail.com,auggie
586,Florencia Stadel,519-961-7871,fstadel@gmail.com,vipers
587,Darrin Tumolillo,306-748-5721,darrin@tumolillo.com,sexybabe
588,Freeman Rudig,450-347-6388,freeman@yahoo.com,barbie
589,Lazaro Mollison,450-356-6427,lazaro@gmail.com,050505
590,Ellsworth Rieg,,erieg@hotmail.com,10031990
591,Brinda Mrkvicka,506-392-8334,brinda.mrkvicka@gmail.com,satan
592,Florinda Mackedanz,506-230-8075,florinda_mackedanz@mackedanz.org,electra
593,Nadine Swartzbeck,450-353-2331,nadine_swartzbeck@swartzbeck.org,4417
594,Arlette Torchio,514-459-6883,arlette_torchio@hotmail.com,1946
595,Adolph Krivanec,416-736-1436,akrivanec@hotmail.com,24061987
596,Georgiana Colbath,450-409-1254,gcolbath@hotmail.com,todd
597,Rana Lehn,905-286-8285,rlehn@yahoo.com,magellan
598,Chi Morgan,418-922-5578,chi@gmail.com,picard
599,Starr Prothro,418-811-3750,,hello
600,Glennis Roseum,204-514-9319,glennis.roseum@gmail.com,bombay
601,Thea Petermeier,418-360-6739,thea@hotmail.com,456456456
602,Rosalind Persechino,613-975-5760,rosalind.persechino@aol.com,store
603,Shenika Tapian,613-219-1869,,raphael
604,Veta Vandeberg,,vvandeberg@gmail.com,glasgow
605,Herschel Geneseo,416-786-7887,herschel@geneseo.com,granada
606,Dianne Tomasic,902-938-6891,dianne@yahoo.com,horace
607,Micah Gerten,709-581-5842,micah@cox.net,jessic
608,Kaycee Alaibilla,,kaycee.alaibilla@yahoo.com,puck
609,Tesha Brang,514-432-5290,tesha@aol.com,switch
610,Marya Chhour,403-382-4146,marya@cox.net,bluesky
611,Ronnie Kettelle,,ronnie_kettelle@aol.com,stretch
612,Mabel Fower,418-339-7473,mabel_fower@fower.com,corrado
613,Harley Works,519-913-7772,harley@cox.net,ufkbyf
614,Joye Nedman,306-991-3698,joye@cox.net,mandarin
615,Luisa Harnish,604-399-1449,lharnish@harnish.com,1269
616,Stacey Lortz,416-310-1610,stacey_lortz@aol.com,frances
617,Reyes Mesmer,905-402-9203,reyes@mesmer.org,Football
618,Avery Demus,604-548-4412,avery.demus@aol.com,dialog
619,Colby Scotts,,cscotts@aol.com,hammers
620,Afton Wrinkle,613-851-7883,awrinkle@wrinkle.org,eureka
621,India Sifford,416-866-6707,,30111987
622,Brunilda Coin,506-327-7460,brunilda_coin@aol.com,lottie
623,Jenifer Emanuel,250-947-2063,jemanuel@emanuel.com,georgia
624,Makeda Nosis,,makeda.nosis@yahoo.com,scratch
625,Vivan Oppy,306-325-3090,voppy@gmail.com,mustang1
626,Eric Gazzola,418-274-7373,eric@cox.net,29061986
627,Thersa Davirro,250-540-5275,thersa.davirro@aol.com,moondog
628,Mindy Presnal,604-213-8721,mpresnal@yahoo.com,dammit
629,Luis Metzner,819-860-8913,lmetzner@metzner.org,98765432
630,Dawne Mcloud,,dmcloud@cox.net,renault
631,Karrie Kinikini,,karrie_kinikini@kinikini.org,ou8122
632,Mozelle Hermon,506-573-3112,mozelle_hermon@cox.net,quest
633,Mila Hair,514-945-2978,mhair@cox.net,daisydog
634,Gilma Jefferys,902-804-8543,,bright
635,Armanda Mcduffie,450-866-7181,armanda.mcduffie@hotmail.com,sleep
636,Vonda Normandeau,450-706-3809,vonda@yahoo.com,june
637,Truman Mondale,,truman.mondale@aol.com,penetration
638,Elvis Tenuta,403-415-1285,elvis_tenuta@tenuta.org,soccer12
639,Loise Dedaj,306-964-9291,,qwer12
640,Jannette Pedder,604-953-5335,jpedder@pedder.com,tycoon
641,Margo Rand,905-781-3868,margo@rand.org,30121985
642,Dahlia Benett,418-344-9993,,magnet
643,Dominga Mckeon,819-627-1581,dominga_mckeon@yahoo.com,metallic
644,Hollis Keomuangtai,905-928-5294,hollis.keomuangtai@cox.net,19081987
645,Carry Ziller,519-847-8783,carry@cox.net,rasta
646,Bong Fears,514-308-1992,bfears@fears.org,casey
647,Yolande Staiano,613-700-7712,yolande_staiano@gmail.com,whiteout
648,Lottie Hegdahl,905-638-1034,lottie_hegdahl@aol.com,casper
649,Jose Kylish,514-211-3774,jose.kylish@aol.com,loveit
650,Tuyet Abramovitz,,tuyet.abramovitz@abramovitz.com,cherry
651,Pearline Provenzano,905-734-9102,pearline.provenzano@provenzano.org,everest
652,Robt Hankison,418-874-8104,,royalty
653,Shawnee Kesten,902-208-1038,shawnee@yahoo.com,cashmoney
654,Lacresha Quinones,450-213-1080,lacresha@hotmail.com,secret1
655,Basilia Vinroe,418-386-6120,,duck
656,Aleisha Areizaga,418-408-1640,aareizaga@hotmail.com,456456
657,Frank Tryninewski,306-653-1772,ftryninewski@gmail.com,lawson
658,Ria Steinhorst,418-319-1374,ria.steinhorst@steinhorst.com,15101991
659,Carla Kallenberger,519-646-7797,carla@aol.com,MUSTANG
660,Lashanda Skahan,506-497-2698,lashanda.skahan@aol.com,kimkim
661,Jarod Catalina,705-369-2146,jcatalina@aol.com,hallo
662,Leoma Rabago,250-810-7815,leoma.rabago@hotmail.com,fisher
663,Yasuko Greeves,250-891-6910,ygreeves@cox.net,krasotka
664,Jimmie Snelling,905-772-1416,jimmie.snelling@gmail.com,tricky
665,Titus Dugre,819-983-1846,titus.dugre@dugre.org,jimmys
666,Joanne Teoh,905-219-6895,joanne@yahoo.com,fghtkm
667,Suzi Groom,604-700-2946,suzi.groom@groom.org,22091991
668,Denny Amazan,604-239-4105,denny@amazan.com,Merlin
669,Willie Coughlan,819-869-6389,willie@aol.com,rodney
670,Margurite Brake,519-476-5983,margurite.brake@yahoo.com,zxcvb
671,Arlen Romack,506-218-3036,arlen.romack@yahoo.com,esquire
672,Shaniqua Corna,416-573-9093,shaniqua@yahoo.com,julian
673,William Boccard,514-606-4631,william@gmail.com,shadow12
674,Silva Riviere,514-319-4125,silva.riviere@riviere.org,02021991
675,Gearldine Haberle,403-810-3712,,gogo
676,Azalee Aja,450-515-9694,azalee.aja@cox.net,utopia
677,Kimbery Plikerd,250-504-9388,kimbery.plikerd@cox.net,newcastle
678,Ricarda Kratt,902-614-2197,rkratt@yahoo.com,rambler
679,Macy Massay,204-656-8450,macy@hotmail.com,camaross
680,Carol Normington,418-540-2207,carol@gmail.com,preacher
681,Blythe Czaplinski,403-775-4053,blythe_czaplinski@czaplinski.com,marine1
682,Tanesha Tesseneer,416-568-3388,tanesha_tesseneer@hotmail.com,company
683,Yaeko Orndoff,519-625-4433,yaeko_orndoff@orndoff.org,dragoon
684,Broderick Lorenz,306-285-1574,broderick_lorenz@hotmail.com,02051970
685,Twila Shadle,250-862-6746,,roswell
686,Sarina Pead,905-696-6221,spead@cox.net,emperor
687,Candra Peets,705-799-1235,candra@hotmail.com,landon
688,Von Aprigliano,604-986-3233,von@aol.com,players
689,Natalya Verso,519-736-9305,natalya_verso@yahoo.com,Master
690,Stanton Rigazio,416-801-7398,srigazio@rigazio.org,forever
691,Dona Larner,416-884-9104,dona@hotmail.com,panties
692,Cortney Choice,450-339-6016,cortney.choice@choice.com,fishbone
693,Ira Betterton,902-240-7029,ira.betterton@yahoo.com,02041985
694,Vanna Pickle,905-309-4565,vanna_pickle@aol.com,24091986
695,Bo Sabota,204-210-4967,bo_sabota@sabota.com,test1
696,Nathalie Corners,705-736-4801,nathalie_corners@corners.org,12081985
697,Rodney Lockamy,613-273-5773,,number
698,Elena Hairr,709-399-4807,ehairr@hotmail.com,jeffery
699,Blossom Kraatz,416-631-1863,blossom_kraatz@kraatz.org,18011985
700,Loreen Griepentrog,613-684-4467,loreen_griepentrog@aol.com,hallie
701,Tayna Keirnan,705-655-5936,tayna_keirnan@gmail.com,wg8e3wjf
702,Nieves Planty,,nplanty@gmail.com,camelot
703,Glenn Robinault,514-330-5479,glenn.robinault@cox.net,recovery
704,Julianna Racer,506-752-6097,jracer@cox.net,reggie
705,Ashton Nitchals,905-725-6769,ashton@cox.net,pacman
706,Shaun Scovil,905-907-6615,shaun_scovil@aol.com,yomama
707,Long Shintaku,450-771-5010,,19651965
708,Vinnie Meir,416-862-7028,vmeir@meir.com,sahara
709,Lucia Flipp,416-870-8070,,antelope
710,Corazon Ivaska,306-333-8933,corazon@ivaska.org,castle
711,Jaime Perugini,,jaime_perugini@perugini.com,hopkins
712,Miriam Stakes,905-441-5009,miriam.stakes@yahoo.com,nikolas
713,Vallie Nigl,604-848-3170,vallie@yahoo.com,fkbyjxrf
714,Sheldon Isachsen,902-330-7314,sheldon@isachsen.org,dustin
715,Nickie Balonek,604-556-1080,nickie.balonek@balonek.com,string
716,Fletcher Caneles,905-992-1637,fcaneles@caneles.com,walton
717,Rutha Eisert,905-468-2503,rutha@eisert.com,565656
718,Brandon Geigel,604-940-9313,bgeigel@gmail.com,06061987
719,Franchesca Lamme,902-715-9684,franchesca_lamme@yahoo.com,fishin
720,Lorriane Naddeo,250-544-1482,lorriane.naddeo@naddeo.org,pineappl
721,Asuncion Berson,204-318-1929,aberson@aol.com,walter
722,Georgiann Hoerter,819-632-2869,georgiann_hoerter@hoerter.com,amand
723,Hershel Bultron,519-844-4835,hershel_bultron@bultron.org,viagra
724,Chu Collopy,819-677-1206,,flipper
725,Bettina Vosmus,604-752-9256,,giorgio
726,Lynsey Sport,604-525-6939,lynsey.sport@aol.com,mephisto
727,Phil Kuechler,418-940-4070,phil_kuechler@gmail.com,hotsex
728,Cordelia Nicks,905-975-4308,cnicks@nicks.org,emerson
729,Georgeanna Marrano,905-366-7378,gmarrano@gmail.com,18041986
730,Rosendo Lanter,306-700-6743,rosendo@hotmail.com,07071987
731,Jerilyn Norcia,519-978-7661,jerilyn@hotmail.com,Passwor1
732,Elfriede Bakeley,506-404-8558,ebakeley@bakeley.com,wendy
733,Harris Sheck,514-257-9319,harris@cox.net,andrei
734,Leonor Beilinson,613-338-5158,leonor.beilinson@hotmail.com,sean
735,Terrilyn Waska,,terrilyn_waska@hotmail.com,dallas
736,Maddie Foulds,514-874-9519,,bruno1
737,Melynda Anstead,,melynda@hotmail.com,888888
738,Odette Thigpen,709-744-4165,,1109
739,Steffanie Meinen,514-964-9106,steffanie.meinen@cox.net,phyllis
740,Antonette Stimac,519-670-5269,antonette_stimac@stimac.org,bogart
741,Thora Daneker,819-648-4049,tdaneker@daneker.com,achtung
742,Nada Massanet,604-570-1494,nmassanet@yahoo.com,pacino
743,Ivette Dills,,idills@cox.net,cccc
744,Devon Delacerda,250-525-4631,devon@hotmail.com,fossil
745,Lon Tibbles,905-233-1845,lon.tibbles@cox.net,flames
746,Tennie Santanna,819-261-5496,tennie@aol.com,Stone55
747,Fidelia Vilven,416-892-4321,fvilven@vilven.org,28051986
748,Michal Gunyan,418-399-6819,michal_gunyan@gunyan.com,bimbo
749,Enola Yandow,902-539-1621,,evgeniy
750,Meghann Mamudoski,902-348-8759,meghann@cox.net,larry
751,Latanya Mattia,204-649-9481,lmattia@yahoo.com,loveyou
752,Chandra Firlik,905-451-3719,chandra@gmail.com,05121990
753,Barney Dewer,902-287-1148,,sword
754,Ocie Chreene,613-756-9548,ocie.chreene@aol.com,99999999
755,Precious Dubray,705-607-6992,precious.dubray@dubray.com,cicero
756,Sanda Laramie,,slaramie@laramie.org,fuckers
757,Gaynell Benavente,807-284-2501,gaynell@hotmail.com,darkman
758,Bethanie Cutsforth,519-328-4250,bethanie_cutsforth@cutsforth.org,incubus
759,Yvette Capiga,403-919-6456,yvette.capiga@yahoo.com,sabine
760,Alana Blackmon,416-386-8947,ablackmon@gmail.com,topdog
761,Lakeesha Beachel,604-352-7502,lakeesha_beachel@aol.com,fart
762,Ailene Friedman,506-907-7068,ailene@yahoo.com,23031990
763,Valene Madson,418-646-3844,valene@madson.org,02021982
764,Floyd Bub,416-557-9767,fbub@bub.com,16061985
765,Josue Hatherly,416-337-2239,jhatherly@hatherly.org,pooper
766,Johnathon Wadden,705-646-2781,johnathon_wadden@hotmail.com,josephin
767,Kenneth Drizin,819-999-6396,kdrizin@aol.com,gorgeous
768,Leila Titzer,403-733-8035,leila_titzer@aol.com,11061987
769,Marquetta Quinlisk,514-950-3156,marquetta_quinlisk@aol.com,cooter
770,Annamae Beliles,604-877-2244,abeliles@gmail.com,denver
771,An Dosal,819-324-8832,,general
772,Karina Cortesi,450-252-9611,karina_cortesi@hotmail.com,diao
773,Otis Luong,519-739-4515,oluong@gmail.com,boobear
774,Brendan Kasperek,604-947-9315,brendan_kasperek@yahoo.com,babylove
775,Keith Evartt,506-229-5393,kevartt@evartt.com,shao
776,Paulina Arand,204-636-8766,paulina_arand@cox.net,393939
777,Cherelle Welschmeyer,519-322-9933,cherelle@hotmail.com,enigma
778,Percy Neelon,418-537-1430,percy_neelon@cox.net,hockey
779,Margot Storrs,905-309-5010,mstorrs@cox.net,bummer
780,Paris Bellis,519-909-5933,paris@gmail.com,universe
781,Sina Masiejczyk,416-369-7013,smasiejczyk@cox.net,virgin
782,Kimi Selfe,418-795-3880,kimi@cox.net,1971
783,Chun Richrdson,306-245-2534,chun_richrdson@richrdson.org,gobears
784,Lelia Thiemann,250-671-3851,lelia.thiemann@yahoo.com,aurora
785,Cordell Zinda,,cordell_zinda@cox.net,bailey
786,Dorothy Aitken,,dorothy.aitken@cox.net,running
787,Chauncey Mcelreath,613-908-7090,,brains
788,Tenesha Stropko,506-629-6209,tenesha.stropko@aol.com,suck
789,Anjelica Lovero,902-386-1443,anjelica@lovero.org,megan1
790,Olga Adessa,905-775-6413,oadessa@cox.net,22091988
791,Monte Tindal,,monte@cox.net,02011975
792,Pamela Mccoskey,450-282-1236,pamela.mccoskey@gmail.com,qwerty123
793,Toshia Lippoldt,,toshia_lippoldt@aol.com,sally
794,Polly Sandusky,905-705-6018,polly.sandusky@cox.net,magnum
795,Judy Boerboom,709-560-7848,jboerboom@boerboom.com,showtime
796,Celestine Pritt,613-875-3120,celestine_pritt@cox.net,15061985
797,Murray Fode,514-921-5562,mfode@yahoo.com,eleanor
798,Shoshana Courter,519-396-2906,,wrangler
799,Glendora Pezley,780-508-2609,glendora.pezley@cox.net,spanky
800,Carlene Kana,519-930-5055,ckana@kana.com,mirror
801,Adria Gilliam,905-563-9396,adria_gilliam@cox.net,ghblehjr
802,Paola Perkins,780-573-8903,paola.perkins@aol.com,rancid
803,Elina Maury,416-582-4379,elina.maury@hotmail.com,vfhecz
804,Emile Dorio,450-529-3773,edorio@cox.net,27091991
805,Zoila Lannigan,,zlannigan@aol.com,chuck
806,Yong Yestramski,519-344-3979,yong_yestramski@aol.com,longer
807,Leontine Stalma,519-641-7145,lstalma@stalma.org,hott
808,Troy Dicus,613-938-7999,troy_dicus@yahoo.com,sexyman
809,Annamaria Vanhuss,905-495-3301,,tracker
810,Dorothea Lowther,705-793-4986,dorothea_lowther@yahoo.com,paranoid
811,Marion Letran,819-966-7240,marion_letran@cox.net,mentor
812,Avery Masso,902-588-8947,avery.masso@hotmail.com,snowboar
813,Trinidad Bredernitz,514-561-2312,trinidad@yahoo.com,razz
814,Herminia Penso,780-740-5294,,gator
815,Val Bigaud,514-726-2573,val_bigaud@aol.com,ringo
816,Renay Oviedo,416-336-6767,renay.oviedo@oviedo.com,789456
817,Buck Kotow,807-668-2676,buck_kotow@aol.com,squeeze
818,Toi Rollison,450-714-2875,toi_rollison@rollison.com,worthy
819,Shanice Pennel,613-850-3405,shanice.pennel@pennel.org,hopeful
820,Oliva Ramerez,,oramerez@yahoo.com,28051985
821,Tamera Crocker,780-833-7024,,goodday
822,Melvin Rather,819-418-3496,melvin.rather@aol.com,scotch
823,Essie Fitzke,506-785-2719,essie_fitzke@fitzke.org,kayla
824,Shay Knieper,450-806-3050,shay.knieper@gmail.com,noname123
825,Ruby Sensibaugh,604-553-2468,ruby@sensibaugh.com,millions
826,Caren Doscher,403-344-3614,cdoscher@doscher.org,logger
827,Frank Amend,,frank@yahoo.com,katarina
828,Lasandra Frisinger,604-210-7413,lfrisinger@cox.net,02061980
829,Sommer Frere,,sfrere@yahoo.com,cricket1
830,Gretchen Mckeon,250-617-7197,gretchen.mckeon@gmail.com,wwwwwww
831,Providencia Marien,613-256-5226,providencia.marien@marien.com,manolo
832,Lindsey Arnoldi,250-387-4636,larnoldi@arnoldi.com,lizzie
833,Romana Riesgraf,506-310-3728,romana_riesgraf@hotmail.com,yessir
834,Nobuko Logwood,519-739-4745,nobuko.logwood@cox.net,sound
835,Shawnna Arredondo,613-996-1062,sarredondo@arredondo.com,wyoming
836,Doyle Hathcox,250-227-4140,doyle.hathcox@aol.com,perkins
837,Jacinta Deppen,250-203-5054,jdeppen@cox.net,start
838,Tawanna Kuamoo,418-734-9693,tawanna_kuamoo@gmail.com,cdtnbr
839,Christa Cloutier,403-461-2407,ccloutier@hotmail.com,andromeda
840,Noe Kotz,250-901-1245,nkotz@kotz.org,19671967
841,Ellen Fajen,780-720-7927,ellen.fajen@aol.com,kolobok
842,Tequila Pelletier,905-692-6934,tequila_pelletier@cox.net,adonis
843,Tawny Bonventre,604-632-4346,tbonventre@aol.com,guinness
844,Rosalyn Mcspedon,613-362-7798,rosalyn.mcspedon@mcspedon.org,haha
845,Noble Miyata,519-346-6651,noble_miyata@gmail.com,flamengo
846,Lucille Hubbell,250-904-7361,lhubbell@yahoo.com,22121986
847,Azzie Tuazon,905-208-4039,azzie.tuazon@hotmail.com,1995
848,Darci Arau,819-294-4679,darci@cox.net,buzzer
849,King Suman,418-470-4541,king@cox.net,houston
850,Denny Zeanah,514-224-2722,denny_zeanah@zeanah.com,cold
851,Anissa Frayer,604-925-4225,afrayer@frayer.com,lollol
852,Rosann Heinricher,450-474-6397,rosann_heinricher@heinricher.com,bunghole
853,Jeannine Rippy,902-811-1450,,redhot
854,Lashaun Casteneda,780-751-5370,lashaun.casteneda@casteneda.com,compaq
855,Miesha Walen,705-646-4992,,twins
856,Marva Kountz,416-494-3939,marva@gmail.com,cheese1
857,Dion Lamastus,418-212-6756,dion_lamastus@lamastus.com,punkin
858,Hassie Sarkin,902-210-1513,hassie_sarkin@aol.com,elcamino
859,Jin Perry,416-463-6411,jin_perry@gmail.com,clouds
860,Demetra Peth,,demetra_peth@aol.com,babydoll
861,Irene Benauides,506-251-3150,irene.benauides@gmail.com,boxing
862,Colton Pesqueira,905-796-8265,cpesqueira@hotmail.com,12211221
863,William Cilento,403-251-6126,william.cilento@gmail.com,22011985
864,Shannan Cupit,,shannan@cox.net,polina
865,Shelba Kast,902-654-7334,shelba.kast@yahoo.com,18061991
866,Dorcas Diebold,905-860-8703,dorcas_diebold@diebold.com,xtreme
867,Rochell Wetherby,418-362-9768,rwetherby@wetherby.org,ricard
868,Amber Windell,604-864-2113,amber.windell@cox.net,haley
869,Stefanie Prinkey,604-833-9067,stefanie_prinkey@prinkey.org,stereo
870,Kenia Sharples,403-341-7208,kenia_sharples@hotmail.com,13071982
871,Jacquline Libbey,418-682-7368,jacquline@cox.net,adidas
872,Lavina Michelet,514-842-3549,lavina.michelet@michelet.org,annmarie
873,Billi Kazar,604-458-2387,bkazar@hotmail.com,20071986
874,Aron Leuthold,604-637-3549,aron_leuthold@leuthold.com,illinois
875,Annice Tartar,819-342-1651,,raven1
876,Hyun Zarazua,519-287-4120,hyun_zarazua@cox.net,magic
877,Shala Ogle,418-823-9061,shala_ogle@ogle.org,panasoni
878,Shasta Canonico,705-531-2796,shasta_canonico@aol.com,barkley
879,Wenona Braseth,450-751-1928,wenona.braseth@braseth.org,galore
880,Marla Gallati,514-872-9323,mgallati@gmail.com,tequila
881,Myra Palenik,418-930-7475,myra_palenik@palenik.com,fetish
882,Lawanda Jacocks,250-226-8113,lawanda.jacocks@gmail.com,netscape
883,Curt Kohlman,306-739-3437,ckohlman@hotmail.com,segblue2
884,Susy Finstad,403-571-8756,sfinstad@aol.com,eric
885,Kathrine Kaper,902-500-1564,kkaper@aol.com,stickman
886,Oneida Pospishil,819-511-9240,opospishil@aol.com,butthead
887,Allene Perera,416-681-6822,allene@yahoo.com,332211
888,Leonardo Leahman,403-328-5056,,02011990
889,Nakisha Russi,403-513-9660,nakisha_russi@russi.com,02011976
890,Stephanie Rolling,306-510-5011,srolling@rolling.org,21121986
891,Florinda Haycock,819-820-6568,florinda_haycock@cox.net,petunia
892,Merri Geberth,204-894-9221,merri.geberth@geberth.com,stingray
893,Malcom Vereen,519-334-1058,malcom.vereen@yahoo.com,julien
894,Louvenia Abney,306-256-9309,louvenia_abney@hotmail.com,smoker
895,Alita Borlace,807-289-5397,alita_borlace@yahoo.com,scooter1
896,Noemi Ill,705-414-4712,noemi_ill@ill.com,fktrcfylh
897,Nydia Ancar,780-924-8022,nydia.ancar@ancar.com,sharp
898,Hana Meisel,403-696-7108,hana.meisel@yahoo.com,bluejays
899,Noel Marrazzo,780-447-2249,noel@cox.net,sander
900,Brice Rowe,613-631-9322,brice_rowe@aol.com,lemans
901,Nguyet Kitchens,,nguyet_kitchens@yahoo.com,donald
902,Janae Mair,905-501-5086,janae_mair@cox.net,coolio
903,Darrel Makley,506-839-5378,dmakley@yahoo.com,beowulf
904,Genevieve Milionis,705-467-4142,,iiii
905,Giovanna Bacho,604-203-8085,giovanna@cox.net,11111987
906,Shelton Spannuth,204-364-5889,shelton.spannuth@yahoo.com,Phoenix
907,Alison Mahlum,613-862-3122,alison_mahlum@hotmail.com,johannes
908,Maynard Zufall,,mzufall@gmail.com,wolves
909,Timothy Bussert,416-521-5624,timothy@bussert.com,zenith
910,Viola Eddens,506-772-3108,veddens@eddens.org,Shadow
911,Luann Michon,514-578-7262,luann@cox.net,jelly
912,Mable Goerke,416-867-5879,mable_goerke@cox.net,373737
913,Sabine Kaea,,sabine@gmail.com,babyboy
914,Dolores Moltz,506-216-2028,dolores@yahoo.com,17051988
915,Hannah Suero,905-543-3967,hsuero@yahoo.com,nofear
916,Sonia Blan,709-512-6346,sblan@blan.com,montrose
917,Cletus Stapels,780-674-7330,cletus_stapels@cox.net,isaac
918,Asha Zoldak,418-470-9730,asha_zoldak@hotmail.com,impala
919,Verlene Billow,905-486-5455,vbillow@billow.com,freedom1
920,Yesenia Giglio,506-858-9797,yesenia@cox.net,squirt
921,Tayna Sine,905-334-8817,tayna_sine@sine.com,pluto
922,Verona Jobst,514-842-7487,verona_jobst@jobst.org,techno
923,Denae Eggers,204-341-2445,denae_eggers@gmail.com,impact
924,Rikki Montalgo,514-472-6857,rikki@montalgo.com,annika
925,Nan Weekly,519-928-8049,nan@weekly.com,obsidian
926,Sherell Despain,604-344-4458,sdespain@hotmail.com,elliott
927,Coral Brennick,450-480-7421,,sidekick
928,Phyliss Huelse,403-540-2604,phyliss_huelse@aol.com,carrots
929,Jesse Wida,905-356-4735,jesse@wida.com,14051983
930,Latonia Helander,905-723-5674,latonia@helander.com,bengals
931,Aimee Clozza,613-804-8102,aimee_clozza@clozza.org,cheater
932,Marcelle Staie,905-817-1934,marcelle_staie@aol.com,ddddd
933,Ilda Schuring,780-830-2958,ilda_schuring@schuring.com,letsgo
934,Aileen Klukken,416-390-4510,aklukken@klukken.com,papillon
935,Davida Zeng,450-375-8192,davida_zeng@yahoo.com,shodan
936,Beata Rubarts,,beata_rubarts@aol.com,nemesis
937,Angelyn Wieand,905-838-3914,angelyn_wieand@wieand.com,paris1
938,Claudio Hummell,403-481-8843,claudio_hummell@hotmail.com,222777
939,Krystal Twyman,416-712-8230,ktwyman@gmail.com,monique
940,Adela Echegoyen,604-571-8392,adela.echegoyen@echegoyen.org,speedway
941,Ryan Phibbs,306-621-2626,rphibbs@gmail.com,jeremiah
942,Edmond Buettner,450-829-7834,edmond_buettner@buettner.org,moneys
943,Catina Emmert,807-652-2563,catina@gmail.com,eileen
944,Milly Pattengale,780-799-6418,milly@hotmail.com,vitalik
945,Jules Erichsen,905-929-8054,jules@cox.net,michaela
946,Denna Miklitz,,dmiklitz@yahoo.com,12061986
947,Willetta Cesa,902-981-7382,willetta_cesa@gmail.com,tian
948,Johna Magathan,780-994-6272,jmagathan@magathan.org,beauty
949,Ollie Oliverson,416-762-4001,ooliverson@cox.net,lucas1
950,Sherly Vitrano,902-480-3185,svitrano@hotmail.com,1qw23er4
951,Kindra Dishong,613-510-3295,kdishong@gmail.com,portal
952,Vanda Tentler,250-605-3501,vanda_tentler@tentler.org,lollypop
953,Marshall Fitgerald,403-918-5509,marshall_fitgerald@cox.net,bigbang
954,Kelvin Hasha,780-227-7373,khasha@hotmail.com,alcatraz
955,Darrin Mathiasen,450-536-7426,dmathiasen@hotmail.com,monarch
956,Susana Mccarley,519-491-9261,susana_mccarley@gmail.com,lassie
957,Wilson Nickelson,,wilson_nickelson@aol.com,314159
958,Malissa Talty,506-724-2777,malissa@talty.org,12345r
959,Tandra Castillanos,905-715-9339,tcastillanos@castillanos.com,allgood
960,Lorean Sammon,306-854-5060,lorean@yahoo.com,21212121
961,Desirae Oien,403-405-2804,desirae.oien@hotmail.com,doomsday
962,Delsie Cerao,506-795-5209,delsie.cerao@cerao.org,mutant
963,Mabel Elmquist,204-285-3978,mabel_elmquist@elmquist.com,padres
964,Marnie Purslow,,marnie.purslow@purslow.com,01051980
965,Rene Granier,403-438-9257,,beezer
966,Trevor Harnist,,trevor.harnist@hotmail.com,globus
967,Sharmaine Batdorf,506-839-1630,sharmaine_batdorf@batdorf.com,persona
968,Ricki Traux,514-657-1920,,shojou
969,Bernadine Shufelt,,bernadine_shufelt@shufelt.org,nipples
970,Shad Reider,780-953-3852,shad_reider@aol.com,02011988
971,Kenneth Degennaro,506-763-6456,kenneth.degennaro@aol.com,judy
972,Marleen Hennon,604-545-3662,marleen_hennon@aol.com,kitty
973,Joaquin Geitner,,joaquin_geitner@cox.net,1414
974,Slyvia Stockham,418-913-7998,slyvia.stockham@aol.com,1030
975,Kris Bala,905-848-5458,kris_bala@gmail.com,aaaaaaa
976,Gussie Diflorio,613-857-7922,gussie_diflorio@cox.net,bonita
977,Lavelle Lillywhite,418-442-4179,lavelle.lillywhite@hotmail.com,zombie
978,Bev Dermo,604-880-6351,bev.dermo@dermo.com,kungfu
979,Bette Digiovanni,519-882-6434,bette.digiovanni@digiovanni.org,harley1
980,Lajuana Mccloud,450-272-6370,lajuana_mccloud@hotmail.com,shelly
981,Shakira Westervelt,604-991-8721,swestervelt@westervelt.org,02011984
982,Matt Nickolich,306-891-2346,matt@gmail.com,hokies
983,Clemencia Momplaisir,514-804-3533,cmomplaisir@yahoo.com,access
984,Oliva Ambert,,oambert@gmail.com,lucky
985,Ranee Maye,450-700-5970,ranee_maye@maye.com,porsche9
986,Ming Eskew,250-228-6798,ming_eskew@eskew.com,111111
987,Annice Peckens,250-727-7309,apeckens@peckens.org,peepee
988,Effie Frymark,519-433-4142,effie_frymark@gmail.com,21101988
989,Maricela Conger,604-568-1899,mconger@aol.com,jess
990,Esteban Plantenberg,604-519-9547,esteban@cox.net,leedsutd
991,Doretha Wykle,807-383-4855,doretha@yahoo.com,mmmmmm
992,Dorsey Neitzke,902-936-9426,dorsey_neitzke@hotmail.com,bubba123
993,Amie Okuniewski,613-686-9039,amie@yahoo.com,manowar
994,Bulah Berkoff,519-309-5863,bulah.berkoff@cox.net,erika
995,Erin Delbosque,450-316-7813,erin@cox.net,micheal
996,Kassandra Marushia,250-646-6446,kassandra@gmail.com,song
997,Leslee Matsuno,418-460-5773,leslee_matsuno@matsuno.org,purdue
998,Daniel Dobler,506-617-2607,,lionel
999,Antonio Unruh,604-624-7690,antonio.unruh@hotmail.com,12312
